id,token_id,title,categories
4,374,373 crash out,
7,371,370 fund wallet alternative,
13,365,364 question,
16,362,361 congestion,
29,349,348 quick question,
34,344,343 emotional return protocol,
36,341,340 generate ui,
38,339,338 trial period,
42,335,334 email attachment,
46,331,330 reactionary pricing,
47,330,329 not comic sans,
49,328,327 headline coins,
53,325,324 font-fi,
58,324,323 graduate,
60,323,322 quit button,
64,322,321 tinder.fun,
66,320,319 crypto translate,
67,319,318 comicbase,
68,318,317 religion,
72,315,314 incoming,
73,314,313 battle screen,
75,312,311 dock,
76,311,310 share modal,
79,308,307 HUD,
87,300,299 trim,
91,296,295 cash out,
93,294,293 archetyper.fun,
94,293,292 worldvote,
96,291,290 vote,
97,290,289 look up,
98,289,288 onchain context,
99,288,287 failure,
100,287,286 details,
102,285,284 wallet-search.tsx,
105,282,281 composed code,
109,278,278 social commerce,
110,277,277 music coin,
115,272,272 holder ranking,
116,271,271 coin powered meme,
119,268,268 launch L2,
121,266,266 wallet prompt,
124,263,263 chatgpt incognito mode,
126,261,261 whereabouts,
131,256,256 eip 7702,
132,255,255 needle mover,
136,251,251 meta orion x pump.fun,
140,247,247 wallet in wallet,
147,240,240 polymarket leaderboard,
152,235,235 resy.tech,
155,232,232 teleporting buttons,